"PK","age","city","country","customCss","description","district","extraProperties","gender","id","images","isVisible","location","name","place","reviews","seoDescription","seoTitle","services","state","updatedAt"
"36","20","Ahmedabad","India","","Riya Patel — Premium companion in Ahmedabad. Discreet, professional, and experienced.","","{}","female","36","[{""S"":""jasmine.webp""}]","true","Ahmedabad","Riya Patel","","","Riya Patel — Premium companion in Ahmedabad. Discreet, professional, and experienced.","Riya Patel — Escort in Ahmedabad","[]","Gujarat","2026-05-29T20:27:59.060178"
"33","21","Ahmedabad","India","","Seema Patel — Premium companion in Ahmedabad. Discreet, professional, and experienced.","","{}","female","33","[{""S"":""independent_Gurgaon_escort_girls.webp""}]","true","Ahmedabad","Seema Patel","","","Seema Patel — Premium companion in Ahmedabad. Discreet, professional, and experienced.","Seema Patel — Escort in Ahmedabad","[]","Gujarat","2026-05-29T20:27:56.959014"
"22","19","Ahmedabad","India","","Meet Shreya, a 19-year-old based in Ahmedabad, Gujarat, India.","","{}","female","22","[{""S"":""devina.webp""}]","true","Ahmedabad","Shreya","","","Meet Shreya, a 19-year-old based in Ahmedabad, Gujarat, India.","Shreya — Escort in Ahmedabad","[]","Gujarat","2026-05-29T20:27:49.231769"
"18","20","Ahmedabad","India","","Simran — 20.","","{}","female","18","[{""S"":""aaliya.webp""}]","true","Ahmedabad","Simran","","","Simran — 20.","Simran — Escort in Ahmedabad","[]","Gujarat","2026-05-29T20:27:46.466523"
"16","20","Ahmedabad","India","","Pooja — 20.","","{}","female","16","[{""S"":""Suhani.webp""}]","true","Ahmedabad","Pooja","","","Pooja — 20.","Pooja — Escort in Ahmedabad","[]","Gujarat","2026-05-29T20:27:45.066990"
"40","21","Ahmedabad","India","","Meet Priya Shah, a 21-year-old based in Ahmedabad, Gujarat, India. Rates: 30min: 3000; 1hr: 3000; 2hr: 5000; night: 8000.","","{""rate_1hr"":{""S"":""3000""},""rate_30min"":{""S"":""3000""},""rate_2hr"":{""S"":""5000""},""rate_night"":{""S"":""8000""}}","female","40","[{""S"":""liya.webp""}]","true","Ahmedabad","Priya Shah","","","Meet Priya Shah, a 21-year-old based in Ahmedabad, Gujarat, India. Rates: 30min: 3000; 1hr: 3000; 2hr: 5000; night: 8000.","Priya Shah — Escort in Ahmedabad","[]","Gujarat","2026-08-14T08:44:49.555495"
"13","22","Ahmedabad","India","","Meet Seema, a 22-year-old based in Ahmedabad, Gujarat, India. Rates: 30min: 1500; 1hr: 3000; 2hr: 5000; night: 10000.","","{""rate_night"":{""S"":""10000""},""weight"":{""S"":""57""},""languages"":{""S"":""Hindi ""},""height"":{""S"":""5.5""},""nationality"":{""S"":""Indian ""},""hair"":{""S"":""Brown ""},""ethnicity"":{""S"":""Asian ""},""body_type"":{""S"":""Slim""},""rate_1hr"":{""S"":""3000""},""rate_2hr"":{""S"":""5000""},""rate_30min"":{""S"":""1500""},""eyes"":{""S"":""Black ""}}","female","13","[{""S"":""Gurgaon_Model_Escorts_Service.webp""}]","true","Ahmedabad","Seema","","[{""M"":{""name"":{""S"":""Xxxxxxxxx""},""rating"":{""S"":""5""},""text"":{""S"":""Cool 👧""},""date"":{""S"":""Aug 2026""}}},{""M"":{""rating"":{""S"":""5""},""name"":{""S"":""Anonymous""},""date"":{""S"":""Aug 2026""},""text"":{""S"":""Sexy and nice""}}}]","Meet Seema, a 22-year-old based in Ahmedabad, Gujarat, India. Rates: 30min: 1500; 1hr: 3000; 2hr: 5000; night: 10000.","Seema — Escort in Ahmedabad","[]","Gujarat","2026-08-26T01:38:39.750698"
"31","20","Ahmedabad","India","","Shreya Shah — 20.","","{""rate_1hr"":{""S"":""3000""},""rate_30min"":{""S"":""3000""}}","female","31","[{""S"":""high_class_escorts_Gurgaon.webp""}]","true","Ahmedabad","Shreya Shah","","","Shreya Shah — 20.","Shreya Shah — Escort in Ahmedabad","[]","Gujarat","2026-08-14T08:49:18.391649"
"38","22","Ahmedabad","India","","Geeta — Premium companion in Ahmedabad. Discreet, professional, and experienced.","","{}","female","38","[{""S"":""kiyana.webp""}]","true","Ahmedabad","Geeta","","","Geeta — Premium companion in Ahmedabad. Discreet, professional, and experienced.","Geeta — Escort in Ahmedabad","[]","Gujarat","2026-05-29T20:28:00.648050"
"28","24","Ahmedabad","India","","Kavita Patel — 24.","","{""rate_1hr"":{""S"":""3000""},""rate_30min"":{""S"":""3000""},""rate_night"":{""S"":""10000""},""rate_2hr"":{""S"":""5000""}}","female","28","[{""S"":""gurgaon-escorts-girl-divya.webp""}]","true","Ahmedabad","Kavita Patel","","","Kavita Patel — 24.","Kavita Patel — Escort in Ahmedabad","[]","Gujarat","2026-08-18T06:01:58.190698"
"30","18","Ahmedabad","India","","Meet Ritu, a 18-year-old based in Ahmedabad, Gujarat, India. Rates: 30min: 3000; 1hr: 400p; 2hr: 6000; night: 10000.","","{""eyes"":{""S"":""Brown ""},""weight"":{""S"":""46""},""nationality"":{""S"":""Indian ""},""rate_2hr"":{""S"":""6000""},""body_type"":{""S"":""Slim ""},""hair"":{""S"":""Black ""},""height"":{""S"":""5""},""ethnicity"":{""S"":""Asian ""},""rate_30min"":{""S"":""3000""},""rate_1hr"":{""S"":""400p""},""rate_night"":{""S"":""10000""}}","female","30","[{""S"":""https://gif-gif.s3.amazonaws.com/30/profile.jpg""}]","true","Ahmedabad","""Ritu ""","","","Meet Ritu, a 18-year-old based in Ahmedabad, Gujarat, India. Rates: 30min: 3000; 1hr: 400p; 2hr: 6000; night: 10000.","Ritu — Escort in Ahmedabad","[]","Gujarat","2026-08-22T06:07:22.859722"
"35","20","Ahmedabad","India","","I am Anita Patel. I am 20 years old. Located in Ahmedabad, Gujarat, India.","","{}","female","35","[{""S"":""independent_escorts_in_Gurgaon.webp""}]","true","Ahmedabad","Anita Patel","","","I am Anita Patel. I am 20 years old. Located in Ahmedabad, Gujarat, India.","Anita Patel — Escort in Ahmedabad","[]","Gujarat","2026-05-29T20:27:58.368254"
"24","18","Ahmedabad","India","","Meet Monika Patel, a 18-year-old based in Ahmedabad, Gujarat, India.","","{}","female","24","[{""S"":""gurgaon-escorts-girl-akrati.webp""}]","true","Ahmedabad","Monika Patel","","","Meet Monika Patel, a 18-year-old based in Ahmedabad, Gujarat, India.","Monika Patel — Escort in Ahmedabad","[]","Gujarat","2026-05-29T20:27:50.595338"
"27","19","Ahmedabad","India","","Meet Simran Patel, a 19-year-old based in Ahmedabad, Gujarat, India.","","{}","female","27","[{""S"":""gurgaon-escorts-girl-bharati.webp""}]","true","Ahmedabad","Simran Patel","","","Meet Simran Patel, a 19-year-old based in Ahmedabad, Gujarat, India.","Simran Patel — Escort in Ahmedabad","[]","Gujarat","2026-05-29T20:27:52.673596"
"44","22","Ahmedabad","India","","Divya Shah — Premium companion in Ahmedabad. Discreet, professional, and experienced.","","{}","female","44","[{""S"":""sweety.webp""}]","true","Ahmedabad","Divya Shah","","","Divya Shah — Premium companion in Ahmedabad. Discreet, professional, and experienced.","Divya Shah — Escort in Ahmedabad","[]","Gujarat","2026-05-29T20:28:04.784612"
"32","18","Ahmedabad","India","","Meet Nisha Patel, a 18-year-old based in Ahmedabad, Gujarat, India.","","{}","female","32","[{""S"":""high_profile_escorts_service_in_Gurgaon.webp""}]","true","Ahmedabad","Nisha Patel","","","Meet Nisha Patel, a 18-year-old based in Ahmedabad, Gujarat, India.","Nisha Patel — Escort in Ahmedabad","[]","Gujarat","2026-05-29T20:27:56.257334"
"41","18","Ahmedabad","India","","I am Nisha Shah. I am 18 years old. Located in Ahmedabad, Gujarat, India.","","{""rate_30min"":{""S"":""3000""},""rate_night"":{""S"":""10000""},""rate_1hr"":{""S"":""5000""},""rate_2hr"":{""S"":""5000""}}","female","41","[{""S"":""mahi.webp""}]","true","Ahmedabad","Nisha Shah","","","I am Nisha Shah. I am 18 years old. Located in Ahmedabad, Gujarat, India.","Nisha Shah — Escort in Ahmedabad","[]","Gujarat","2026-08-12T08:18:01.383077"
"Riya","21","Ahmedabad","India","","Meet Riya, a 21-year-old based in Ahmedabad, Gujarat, India. Rates: 30min: 3000; 1hr: 5000.","""Ahmedabad ""","{""rate_30min"":{""S"":""3000""},""outcall"":{""S"":""Only hotel ""},""rate_1hr"":{""S"":""5000""},""languages"":{""S"":""Hindi ""}}","female","Riya","[{""S"":""https://gif-gif.s3.amazonaws.com/Riya/profile.jpg""}]","true","""Maninagar ""","Riya","""Asram road ""","","Meet Riya, a 21-year-old based in Ahmedabad, Gujarat, India. Rates: 30min: 3000; 1hr: 5000.","Riya — Escort in Ahmedabad","[]","Gujarat","2026-08-11T05:18:43.660637"
"34","23","Ahmedabad","India","","Shreya Kumar — 23.","","{}","female","34","[{""S"":""independent_Gurgaon_escorts.webp""}]","true","Ahmedabad","Shreya Kumar","","","Shreya Kumar — 23.","Shreya Kumar — Escort in Ahmedabad","[]","Gujarat","2026-05-29T20:27:57.661272"
"23","23","Ahmedabad","India","","I am Shreya Patel. I am 23 years old. Located in Ahmedabad, Gujarat, India.","","{}","female","23","[{""S"":""farida.webp""}]","true","Ahmedabad","Shreya Patel","","","I am Shreya Patel. I am 23 years old. Located in Ahmedabad, Gujarat, India.","Shreya Patel — Escort in Ahmedabad","[]","Gujarat","2026-05-29T20:27:49.924607"
"46","24","Ahmedabad","India","","Geeta Patel — Premium companion in Ahmedabad. Discreet, professional, and experienced.","","{""rate_1hr"":{""S"":""3000""},""rate_30min"":{""S"":""3000""}}","female","46","[{""S"":""tashi.webp""}]","true","Ahmedabad","Geeta Patel","","","Geeta Patel — Premium companion in Ahmedabad. Discreet, professional, and experienced.","Geeta Patel — Escort in Ahmedabad","[]","Gujarat","2026-08-22T06:08:59.805686"
"19","24","Ahmedabad","India","","Divya — Premium companion in Ahmedabad. Discreet, professional, and experienced.","","{}","female","19","[{""S"":""aashvi.webp""}]","true","Ahmedabad","Divya","","","Divya — Premium companion in Ahmedabad. Discreet, professional, and experienced.","Divya — Escort in Ahmedabad","[]","Gujarat","2026-05-29T20:27:47.130595"
"26","19","Ahmedabad","India","""I am Taniya ""","Taniya — Premium companion in Ahmedabad. Discreet, professional, and experienced.","""Ahmedabad ""","{""weight"":{""S"":""50""},""hair"":{""S"":""Black ""},""rate_30min"":{""S"":""3000""},""height"":{""S"":""6""},""eyes"":{""S"":""Brown ""},""body_type"":{""S"":""Slim ""},""nationality"":{""S"":""Indian ""},""rate_1hr"":{""S"":""4000""},""ethnicity"":{""S"":""Asian ""}}","female","26","[{""S"":""https://gif-gif.s3.amazonaws.com/26/profile.jpg""}]","true","Ahmedabad","""Taniya ""","""Maninagar ""","","Taniya — Premium companion in Ahmedabad. Discreet, professional, and experienced.","Taniya — Escort in Ahmedabad","[]","Gujarat","2026-08-14T08:42:35.596476"
"11","23","Ahmedabad","India","","Kiran — 23. Hair: Black  | Body: 45.","","{""height"":{""S"":""6""},""eyes"":{""S"":""Brown ""},""nationality"":{""S"":""Indian ""},""body_type"":{""S"":""45""},""rate_2hr"":{""S"":""6000""},""rate_30min"":{""S"":""3000""},""ethnicity"":{""S"":""Asian ""},""rate_night"":{""S"":""10000""},""rate_1hr"":{""S"":""5000""},""hair"":{""S"":""Black ""},""weight"":{""S"":""50""}}","female","11","[{""S"":""Gurgaon_Escorts_Services.webp""}]","true","Ahmedabad","Kiran","","[{""M"":{""name"":{""S"":""X""},""text"":{""S"":""9879202412""},""rating"":{""S"":""5""},""date"":{""S"":""Aug 2026""}}}]","Kiran — 23. Hair: Black  | Body: 45.","Kiran — Escort in Ahmedabad","[]","Gujarat","2026-08-26T01:35:07.288061"
"39","21","Ahmedabad","India","","Divya Patel — Premium companion in Ahmedabad. Discreet, professional, and experienced.","","{}","female","39","[{""S"":""lavanya.webp""}]","true","Ahmedabad","Divya Patel","","","Divya Patel — Premium companion in Ahmedabad. Discreet, professional, and experienced.","Divya Patel — Escort in Ahmedabad","[]","Gujarat","2026-05-29T20:28:01.339141"
"45","24","Ahmedabad","India","","I am Anita Shah. I am 24 years old. Located in Ahmedabad, Gujarat, India.","","{}","female","45","[{""S"":""sweta.webp""}]","true","Ahmedabad","Anita Shah","","","I am Anita Shah. I am 24 years old. Located in Ahmedabad, Gujarat, India.","Anita Shah — Escort in Ahmedabad","[]","Gujarat","2026-05-29T20:28:05.466202"
"37","19","Ahmedabad","India","","Meet Priti Patel, a 19-year-old based in Ahmedabad, Gujarat, India.","","{}","female","37","[{""S"":""jaya.webp""}]","true","Ahmedabad","Priti Patel","","","Meet Priti Patel, a 19-year-old based in Ahmedabad, Gujarat, India.","Priti Patel — Escort in Ahmedabad","[]","Gujarat","2026-05-29T20:27:59.775023"
"29","22","Ahmedabad","India","","Meet Kiran Patel, a 22-year-old based in Ahmedabad, Gujarat, India.","","{}","female","29","[{""S"":""gurgaon-escorts-girl-neha.webp""}]","true","Ahmedabad","Kiran Patel","","","Meet Kiran Patel, a 22-year-old based in Ahmedabad, Gujarat, India.","Kiran Patel — Escort in Ahmedabad","[]","Gujarat","2026-05-29T20:27:54.084289"
"21","19","Ahmedabad","India","""I am sneha ""","I am Nikita. I am 19 years old. Located in Ahmedabad, Gujarat, India. Body type: Slim .","""Ahmedabad ""","{""nationality"":{""S"":""Indian ""},""body_type"":{""S"":""Slim ""},""rate_1hr"":{""S"":""3000""},""rate_30min"":{""S"":""3000""},""height"":{""S"":""6""},""rate_2hr"":{""S"":""4000""},""hair"":{""S"":""Black ""},""rate_night"":{""S"":""15000""},""languages"":{""S"":""Hindi ""},""weight"":{""S"":""40""},""eyes"":{""S"":""Brown ""},""ethnicity"":{""S"":""Asian ""}}","female","21","[{""S"":""https://gif-gif.s3.amazonaws.com/21/profile.jpg""}]","true","Ahmedabad","""Nikita ""","""Ahmedabad gandhinagar ""","","I am Nikita. I am 19 years old. Located in Ahmedabad, Gujarat, India. Body type: Slim .","Nikita — Escort in Ahmedabad","[]","Gujarat","2026-08-12T07:33:47.335971"
"25","21","Ahmedabad","India","","Meet Kavita, a 21-year-old based in Ahmedabad, Gujarat, India.","","{}","female","25","[{""S"":""gurgaon-escorts-girl-anjali.webp""}]","true","Ahmedabad","Kavita","","","Meet Kavita, a 21-year-old based in Ahmedabad, Gujarat, India.","Kavita — Escort in Ahmedabad","[]","Gujarat","2026-05-29T20:27:51.331053"
"12","23","Ahmedabad","India","","Meet Monika, a 23-year-old based in Ahmedabad, Gujarat, India. Rates: 30min: 2000; 1hr: 3500; 2hr: 5000; night: 15000.","","{""incall"":{""S"":""1000""},""rate_30min"":{""S"":""2000""},""rate_1hr"":{""S"":""3500""},""rate_2hr"":{""S"":""5000""},""rate_night"":{""S"":""15000""}}","female","12","[{""S"":""Gurgaon_Independent_Escort_Service.webp""}]","true","Ahmedabad","Monika","","","Meet Monika, a 23-year-old based in Ahmedabad, Gujarat, India. Rates: 30min: 2000; 1hr: 3500; 2hr: 5000; night: 15000.","Monika — Escort in Ahmedabad","[]","Gujarat","2026-08-26T01:35:20.297540"
"17","20","Ahmedabad","India","","Meet Sapna, a 20-year-old based in Ahmedabad, Gujarat, India.","","{}","female","17","[{""S"":""aadhavi.webp""}]","true","Ahmedabad","Sapna","","","Meet Sapna, a 20-year-old based in Ahmedabad, Gujarat, India.","Sapna — Escort in Ahmedabad","[]","Gujarat","2026-05-29T20:27:45.761801"
"10","18","Ahmedabad","India","","Priya — 18. Body: Slim | Services: massage, 69, Blowjob.","","{""ethnicity"":{""S"":""Indian""},""rate_30min"":{""S"":""3000""},""rate_1hr"":{""S"":""4000""},""body_type"":{""S"":""Slim""},""rate_night"":{""S"":""10000""},""rate_2hr"":{""S"":""5000""}}","female","10","[{""S"":""Gurgaon_Escorts_Service_girl.webp""}]","true","Ahmedabad","Priya","","[{""M"":{""text"":{""S"":""nice girl""},""date"":{""S"":""Jul 2026""},""name"":{""S"":""anaa""},""rating"":{""S"":""5""}}},{""M"":{""name"":{""S"":""👍""},""date"":{""S"":""Jul 2026""},""text"":{""S"":""College girls""},""rating"":{""S"":""5""}}},{""M"":{""text"":{""S"":""9879202412""},""rating"":{""S"":""5""},""date"":{""S"":""Aug 2026""},""name"":{""S"":""Anonymous""}}}]","Priya — 18. Body: Slim | Services: massage, 69, Blowjob.","Priya — Escort in Ahmedabad","[{""S"":""massage""},{""S"":""69""},{""S"":""Blowjob""}]","Gujarat","2026-08-20T06:25:09.546606"
"47","23","Ahmedabad","India","","Monika Singh — 23.","","{}","female","47","[{""S"":""zoya.webp""}]","true","Ahmedabad","Monika Singh","","","Monika Singh — 23.","Monika Singh — Escort in Ahmedabad","[]","Gujarat","2026-05-29T20:28:06.821607"
"15","24","Ahmedabad","India","","Meet Ritika, a 24-year-old based in Ahmedabad, Gujarat, India.","","{}","female","15","[{""S"":""https://gif-gif.s3.amazonaws.com/15/profile.jpg""}]","true","Vadodara","Ritika","Ahmedabad","","Meet Ritika, a 24-year-old based in Ahmedabad, Gujarat, India.","Ritika — Escort in Ahmedabad","[]","Gujarat","2026-09-19T00:00:00.000000"
"42","25","Ahmedabad","India","","Monika Shah — Premium companion in Ahmedabad. Discreet, professional, and experienced.","","{""rate_30min"":{""S"":""3000""},""rate_1hr"":{""S"":""5000""}}","female","42","[{""S"":""samara.webp""}]","true","Ahmedabad","Monika Shah","","","Monika Shah — Premium companion in Ahmedabad. Discreet, professional, and experienced.","Monika Shah — Escort in Ahmedabad","[]","Gujarat","2026-08-19T17:55:59.978192"
"43","18","Ahmedabad","India","","Monika Kumar — Premium companion in Ahmedabad. Discreet, professional, and experienced.","","{}","female","43","[{""S"":""sana.webp""}]","true","Ahmedabad","Monika Kumar","","","Monika Kumar — Premium companion in Ahmedabad. Discreet, professional, and experienced.","Monika Kumar — Escort in Ahmedabad","[]","Gujarat","2026-05-29T20:28:04.102667"
"14","21","Ahmedabad","India","","Meet Nisha, a 21-year-old based in Ahmedabad, Gujarat, India. Services: Massage . Rates: 30min: 1500; 1hr: 3000; 2hr: 5000; night: 10000.","","{""Use Condom"":{""S"":""Yes""},""hair"":{""S"":""Brown ""},""rate_1hr"":{""S"":""3000""},""rate_2hr"":{""S"":""5000""},""languages"":{""S"":""Hindi ""},""rate_night"":{""S"":""10000""},""height"":{""S"":""5.5""},""rate_30min"":{""S"":""1500""},""Drink"":{""S"":""Yes""},""eyes"":{""S"":""Black ""},""body_type"":{""S"":""Slim""},""ethnicity"":{""S"":""Asian ""},""nationality"":{""S"":""Indian ""},""weight"":{""S"":""57""}}","female","14","[{""S"":""High_Profile_Gurgaon_Escorts.webp""}]","true","Ahmedabad","Nisha","Navrajpura","[{""M"":{""text"":{""S"":""9879202412""},""name"":{""S"":""X""},""date"":{""S"":""Aug 2026""},""rating"":{""S"":""5""}}},{""M"":{""name"":{""S"":""John""},""rating"":{""S"":""5""},""date"":{""S"":""Aug 2026""},""text"":{""S"":""Good 👍""}}}]","Meet Nisha, a 21-year-old based in Ahmedabad, Gujarat, India. Services: Massage . Rates: 30min: 1500; 1hr: 3000; 2hr: 5000; night: 10000.","Nisha — Escort in Ahmedabad","[{""S"":""Massage ""}]","Gujarat","2026-08-26T01:40:21.535943"
